customerID,Churn,ChurnProbability
4376-KFVRS,No,0.122631
2754-SDJRD,Yes,0.851046
9917-KWRBE,No,0.126623
0365-GXEZS,Yes,0.679137
9385-NXKDA,No,0.06533
4686-UXDML,Yes,0.805347
2227-JRSJX,Yes,0.704084
4830-FAXFM,No,0.298426
1830-IPXVJ,No,0.008607
4690-LLKUA,Yes,0.651442
5804-HYIEZ,Yes,0.508521
2388-LAESQ,No,0.153536
5533-RJFTJ,No,0.301438
4706-AXVKM,Yes,0.85425
0997-YTLNY,No,0.309785
7971-HLVXI,No,0.149607
7337-CINUD,No,0.079858
1379-FRVEB,Yes,0.812209
4753-PADAS,No,0.372365
5701-GUXDC,No,0.204605
7235-NXZCP,Yes,0.866748
0668-OGMHD,Yes,0.528098
2812-REYAT,No,0.047279
8779-YIQQA,No,0.095629
9701-CDXHR,No,0.405921
7130-CTCUS,No,0.436583
1894-IGFSG,Yes,0.801095
0871-URUWO,Yes,0.840562
0057-QBUQH,No,0.046788
9611-CTWIH,Yes,0.904384
8058-DMYRU,Yes,0.702853
5351-QESIO,Yes,0.679794
4302-ZYFEL,No,0.016544
6134-KWTBV,No,0.014834
2034-GDRCN,Yes,0.901433
9544-PYPSJ,No,0.488386
4208-UFFGW,Yes,0.626679
9537-JALFH,No,0.006065
4415-IJZTP,Yes,0.889448
4701-MLJPN,No,0.398453
7515-LODFU,No,0.008525
4927-WWOOZ,Yes,0.894383
4067-HLYQI,Yes,0.593849
6184-DYUOB,No,0.455841
9209-NWPGU,No,0.116008
9851-KIELU,Yes,0.746364
3199-XGZCY,Yes,0.859453
4226-KKDON,Yes,0.604335
1085-LDWAM,No,0.016359
6825-UYPFK,Yes,0.646063
1767-CJKBA,No,0.012212
7181-BQYBV,Yes,0.879911
0178-CIIKR,No,0.365925
4256-ZWTZI,No,0.475353
9537-VHDTA,No,0.407628
2754-XBHTB,Yes,0.825112
5975-BAICR,No,0.16683
3301-VKTGC,No,0.138037
2877-VDUER,No,0.170444
7717-BICXI,No,0.009067
0562-FGDCR,No,0.018706
3705-PSNGL,No,0.081894
0048-LUMLS,No,0.385926
6497-TILVL,No,0.367549
2108-YKQTY,No,0.494954
3658-KIBGF,Yes,0.613163
5482-NUPNA,No,0.407378
7410-KTVFV,Yes,0.524576
9033-EOXWV,No,0.422022
8821-XNHVZ,Yes,0.812323
8224-KDLKN,No,0.007174
4825-FUREZ,No,0.035135
7534-BFESC,Yes,0.80685
9138-EFSMO,No,0.433047
4227-OJHAL,No,0.081748
7279-NMVJC,No,0.125693
8591-TKMZH,No,0.1399
9283-LZQOH,Yes,0.754807
3594-IVHJZ,No,0.448255
1945-XISKS,No,0.008641
4359-INNWN,No,0.125143
7649-SIJJF,No,0.034129
9254-RBFON,No,0.470252
0970-ETWGE,Yes,0.911826
7762-ONLJY,No,0.16648
6710-HSJRD,Yes,0.600781
8873-GLDMH,Yes,0.83414
9907-SWKKF,Yes,0.740047
4658-HCOHW,Yes,0.755676
9330-VOFSZ,No,0.213733
2860-RANUS,Yes,0.810424
6234-PFPXL,Yes,0.554369
7205-BAIAD,No,0.03351
3858-VOBET,Yes,0.802385
5103-MHMHY,Yes,0.517099
6119-SPUDB,No,0.04737
9389-ACWBI,Yes,0.677243
3454-JFUBC,No,0.012785
1768-ZAIFU,Yes,0.847618
7017-VFULY,No,0.36599
9221-OTIVJ,Yes,0.895968
2482-CZGBB,Yes,0.82771
7018-WBJNK,Yes,0.767133
3331-HQDTW,Yes,0.675109
4695-VADHF,Yes,0.572648
4086-WITJG,No,0.00553
6297-NOOPG,No,0.247278
8777-PVYGU,No,0.12756
4378-MYPGO,No,0.116182
9313-CDOGY,No,0.131246
4121-AGSIN,No,0.036857
0432-CAJZV,Yes,0.819696
9097-ZUBYC,No,0.402383
9638-JIQYA,Yes,0.764136
1024-GUALD,Yes,0.832809
8024-XNAFQ,No,0.09616
7587-RZNME,Yes,0.753467
1346-UFHAX,Yes,0.703965
6374-NTQLP,No,0.107738
6625-FLENO,No,0.012306
7375-WMVMT,No,0.113883
6910-HADCM,Yes,0.792687
7401-JIXNM,No,0.039806
7338-ERIVA,No,0.110577
5376-DEQCP,Yes,0.855088
0909-SELIE,No,0.042053
5419-KLXBN,Yes,0.644937
0365-TRTPY,No,0.403889
6712-OAWRH,Yes,0.838998
2428-ZMCTB,No,0.29864
1963-VAUKV,No,0.379171
9381-NDKME,Yes,0.64373
3729-OWRVL,No,0.256422
0895-LMRSF,No,0.421032
2676-SSLTO,No,0.087134
8495-PRWFH,No,0.394615
9030-QGZNL,No,0.093483
9972-NKTFD,No,0.240129
7998-WNZEM,No,0.022976
0979-PHULV,Yes,0.552792
6445-TNRXS,No,0.123224
9586-JGQKH,No,0.200574
3966-HRMZA,Yes,0.763152
5498-IBWPI,No,0.046956
6823-SIDFQ,No,0.093566
2323-ARSVR,No,0.150592
5468-BPMMO,No,0.117787
0486-HECZI,Yes,0.543537
2178-PMGCJ,Yes,0.697408
4660-IRIBM,Yes,0.662378
9674-EHPPG,No,0.040639
5606-AMZBO,Yes,0.749365
0665-XHDJU,No,0.310948
5402-HTOTQ,Yes,0.564577
8258-GSTJK,Yes,0.885254
3787-TRIAL,Yes,0.618718
6175-IRFIT,Yes,0.799524
6317-YPKDH,Yes,0.663954
5692-FPTAH,Yes,0.661218
5373-SFODM,Yes,0.748614
0868-VJRDR,No,0.123876
4079-VTGLK,No,0.311781
1166-PQLGG,No,0.005329
5296-BFCYD,No,0.023686
6568-POCUI,No,0.251854
2839-RFSQE,No,0.36489
2188-SXWVT,No,0.106493
8849-GYOKR,No,0.288912
3623-FQBOX,No,0.275297
2649-HWLYB,No,0.029545
0599-XNYDO,Yes,0.70419
2514-GINMM,Yes,0.890775
8401-EMUWF,No,0.283063
5766-ZJYBB,No,0.403634
2604-IJPDU,Yes,0.61999
2501-XWWTZ,Yes,0.765005
6370-ZVHDV,No,0.013829
3027-YNWZU,No,0.012347
4526-ZJJTM,Yes,0.671326
0440-QEXBZ,No,0.337707
0330-IVZHA,Yes,0.797662
9758-MFWGD,No,0.113598
4229-CZMLL,Yes,0.874451
0742-MOABM,No,0.485185
4277-BWBML,No,0.005197
5136-GFPMB,Yes,0.53043
7520-HQWJU,No,0.094318
6304-IJFSQ,Yes,0.620952
0297-RBCSG,No,0.277595
6013-BHCAW,No,0.073131
4402-FTBXC,No,0.356957
1471-GIQKQ,Yes,0.634225
4283-FUTGF,Yes,0.838861
9548-LERKT,No,0.055144
8059-UDZFY,Yes,0.733625
0410-IPFTY,Yes,0.67539
2478-EEWWM,No,0.483692
4619-EVPHY,Yes,0.675611
2277-DJJDL,Yes,0.716831
2911-WDXMV,Yes,0.700865
3639-XJHKQ,No,0.388477
8173-RXAYP,No,0.04272
4537-CIBHB,No,0.144895
5442-BXVND,No,0.142046
2308-STERM,No,0.386245
7159-NOKYQ,No,0.280772
6075-QMNRR,No,0.160858
3694-GLTJM,No,0.416997
9629-NHXFW,No,0.424088
7167-PCEYD,No,0.012014
2748-MYRVK,No,0.326014
4223-WOZCM,Yes,0.615683
6946-LMSQS,Yes,0.674548
5469-NUJUR,No,0.089094
6388-TABGU,No,0.031153
1261-FWTTE,Yes,0.67649
8590-YFFQO,No,0.012388
0082-OQIQY,Yes,0.773263
9465-RWMXL,Yes,0.763784
2930-UOTMB,No,0.213289
9128-CPXKI,No,0.242656
0484-FFVBJ,No,0.34655
1100-DDVRV,Yes,0.729063
9313-QOLTZ,No,0.170449
3338-CVVEH,Yes,0.875936
1131-SUEKT,No,0.275456
7602-DBTOU,No,0.007297
1385-TQOZW,No,0.361261
6892-XPFPU,Yes,0.877574
4115-NZRKS,Yes,0.909374
5514-YQENT,No,0.202224
6319-IEJWJ,Yes,0.824449
8849-AYPTR,Yes,0.734474
5893-PYOLZ,No,0.066664
7180-PISOG,Yes,0.870551
8443-ZRDBZ,Yes,0.872554
9079-YEXQJ,Yes,0.57816
3780-YVMFA,Yes,0.690938
6968-MHOMU,No,0.233832
0899-LIIBW,Yes,0.786888
3677-IYRBF,Yes,0.83405
8393-DLHGA,Yes,0.773209
7691-XVTZH,No,0.183056
5360-LJCNJ,No,0.227285
3891-PUQOD,Yes,0.674149
0952-KMEEH,Yes,0.775767
4919-IKATY,Yes,0.789444
9746-UGFAC,No,0.098282
9108-EQPNQ,No,0.083164
0531-ZZJWQ,Yes,0.65277
8763-KIAFH,No,0.096541
5863-OOKCL,No,0.312868
2958-NHPPS,No,0.250379
9530-GRMJG,No,0.08462
1809-DMJHQ,No,0.478138
0164-XAIRP,No,0.069058
2926-JEJJC,No,0.224966
1169-WCVAK,Yes,0.582491
1217-VASWC,Yes,0.507119
2452-KDRRH,Yes,0.623563
6402-EJMWF,Yes,0.700123
7663-CUXZB,No,0.188827
4312-KFRXN,No,0.009177
3011-WQKSZ,No,0.317244
9747-DDZOS,Yes,0.75713
2091-MJTFX,No,0.400258
0388-EOPEX,Yes,0.804755
3161-ONRWK,No,0.036231
2587-EKXTS,Yes,0.693576
9752-ZNQUT,Yes,0.726084
9572-WUKSB,Yes,0.767504
3836-FZSDJ,No,0.011553
8805-JNRAZ,Yes,0.554249
3069-SSVSN,Yes,0.526814
8015-IHCGW,No,0.152681
8132-YPVBX,Yes,0.791645
0235-KGSLC,Yes,0.824084
1302-UHBDD,Yes,0.828012
3722-WPXTK,Yes,0.918223
7531-GQHME,No,0.277355
1335-NTIUC,Yes,0.779894
9367-TCUYN,No,0.277834
1536-HBSWP,Yes,0.666992
8573-JGCZW,No,0.175094
2694-CIUMO,Yes,0.730585
2027-FECZV,Yes,0.874154
9103-TCIHJ,No,0.493966
1545-JFUML,No,0.182044
0524-IAVZO,Yes,0.816098
5519-TEEUH,No,0.078858
6654-QGBZZ,No,0.387276
2294-DMMUS,No,0.2927
0017-IUDMW,No,0.100316
5018-LXQQG,No,0.181839
5808-TOTXO,No,0.219544
1174-FGIFN,Yes,0.552776
0730-KOAVE,Yes,0.640399
1218-VKFPE,No,0.25149
5313-FPXWG,No,0.060632
2834-JKOOW,No,0.194618
9430-NKQLY,No,0.010037
0363-QJVFX,Yes,0.642151
1658-TJVOA,Yes,0.81046
6685-GBWJZ,No,0.041506
6328-ZPBGN,Yes,0.878105
4003-FUSHP,No,0.450234
7690-KPNCU,No,0.106079
2969-WGHQO,No,0.30676
1855-CFULU,No,0.391262
9788-YTFGE,No,0.411986
8266-VBFQL,Yes,0.828167
2325-NBPZG,Yes,0.796073
9906-NHHVC,No,0.112697
2541-YGPKE,No,0.082836
5049-MUBWG,No,0.183145
2332-TODQS,No,0.046858
4419-UJMUS,No,0.237387
2233-TXSIU,No,0.291779
6770-XUAGN,No,0.483129
2919-HBCJO,Yes,0.741122
9508-ILZDG,Yes,0.714963
5442-BHQNG,Yes,0.806572
7250-EQKIY,Yes,0.517357
6838-HVLXG,No,0.276126
9767-FFLEM,Yes,0.571312
2245-ADZFJ,No,0.107668
1150-WFARN,No,0.133377
9054-FOWNV,Yes,0.820267
7997-EASSD,No,0.202368
7560-QJAVJ,No,0.027944
2668-TZSPS,No,0.386425
9139-WQQDY,No,0.371956
6726-NNFWD,No,0.114128
9330-DHBFL,No,0.11356
5727-MYATE,No,0.034774
2824-DXNKN,No,0.031393
6166-ILMNY,Yes,0.744733
5236-XMZJY,No,0.152612
1709-EJDOX,No,0.016204
4962-CHQPW,No,0.068484
0301-FIDRB,No,0.035268
1820-TQVEV,Yes,0.867752
9115-YQHGA,No,0.317362
1541-ETJZO,Yes,0.521285
6230-BSUXY,Yes,0.896753
6797-LNAQX,No,0.156744
9588-YRFHY,No,0.024941
1092-GANHU,Yes,0.768107
5951-AOFIH,No,0.386502
7029-RPUAV,Yes,0.859214
4700-UBQMV,No,0.334415
3594-UVONA,No,0.224523
7750-EYXWZ,No,0.494315
7054-ENNGU,No,0.466875
0402-OAMEN,No,0.007152
2195-VVRJF,Yes,0.532256
8819-ZBYNA,No,0.179477
7748-UMTRK,Yes,0.775755
1741-WTPON,No,0.115538
7209-JCUDS,Yes,0.885443
2485-ITVKB,Yes,0.856378
9648-BCHKM,No,0.09134
0743-HRVFF,No,0.238933
2522-AHJXR,No,0.497728
9143-CANJF,No,0.247485
1444-VVSGW,No,0.185184
6898-MDLZW,No,0.474958
0074-HDKDG,No,0.139779
3982-JGSFD,No,0.080795
7928-VJYAB,Yes,0.8098
1522-VVDMG,Yes,0.764056
2665-NPTGL,Yes,0.84592
8728-SKJLR,Yes,0.575711
7733-UDMTP,No,0.4912
0431-APWVY,Yes,0.548032
5081-NWSUP,No,0.282695
2746-DIJLO,No,0.182051
7277-OZCGZ,Yes,0.676594
5236-PERKL,No,0.19251
2788-CJQAQ,No,0.16209
3096-WPXBT,No,0.217347
9962-BFPDU,No,0.335711
2892-GESUL,No,0.055759
9741-YLNTD,Yes,0.827523
1205-WNWPJ,Yes,0.593904
3173-NVMPX,Yes,0.561588
9661-MHUMO,Yes,0.578676
6000-APYLU,Yes,0.857543
0048-PIHNL,No,0.033321
9420-LOJKX,Yes,0.725558
7061-OVMIM,No,0.06361
5671-RQRLP,No,0.145465
5129-JLPIS,Yes,0.704655
5170-PTRKA,No,0.074887
4819-HJPIW,Yes,0.550677
8780-RSYYU,No,0.237583
2335-GSODA,No,0.078938
5696-CEIQJ,No,0.103133
6169-PPETC,No,0.025554
4237-RLAQD,Yes,0.66195
7359-WWYJV,No,0.107404
8620-RJPZN,No,0.458744
7426-WEIJX,No,0.445851
7629-WIXZF,No,0.493725
2616-FLVQC,No,0.009989
9163-GHAYE,Yes,0.527131
4464-JCOLN,No,0.196561
2971-SGAFL,Yes,0.726069
4735-ASGMA,Yes,0.875248
5245-VDBUR,No,0.087894
1493-AMTIE,No,0.458901
1112-CUNAO,Yes,0.830487
7571-YXDAD,Yes,0.78523
8714-EUHJO,Yes,0.740699
9040-KZVWO,No,0.360849
6713-OKOMC,Yes,0.528866
8749-CLJXC,No,0.39295
4713-LZDRV,Yes,0.901831
6598-RFFVI,No,0.230082
7470-MCQTK,Yes,0.7752
5524-KHNJP,No,0.168486
1707-HABPF,No,0.378086
4581-LNWUM,Yes,0.779799
9710-ZUSHQ,Yes,0.671447
1697-LYYYX,No,0.017543
4013-GUXND,No,0.380749
5022-JNQEQ,Yes,0.717641
4983-CCWMC,Yes,0.812239
6345-FZOQH,No,0.008039
0962-CQPWQ,No,0.007861
5495-GPSRW,No,0.087447
2252-JHJGE,No,0.402694
7356-AYNJP,No,0.33989
2019-HDCZY,No,0.264222
8582-KRHPJ,No,0.215863
2867-UIMSS,Yes,0.848783
3487-EARAT,No,0.030076
9926-PJHDQ,No,0.06367
0289-IVARM,No,0.237668
4672-FOTSD,No,0.464067
6198-PNNSZ,No,0.299511
7603-USHJS,Yes,0.767486
6784-XYJAE,No,0.24184
3858-XHYJO,No,0.400043
1087-UDSIH,No,0.451803
7251-LJBQN,Yes,0.565445
3200-MNQTF,No,0.017441
9359-UGBTK,No,0.052392
8160-HOWOX,Yes,0.763617
0258-NOKBL,Yes,0.81153
2800-QQUSO,Yes,0.755026
2129-ALKBS,No,0.184909
9972-VAFJJ,No,0.389853
4693-VWVBO,No,0.456789
6969-MVBAI,Yes,0.894972
4821-WQOYN,No,0.006935
6769-DYBQN,Yes,0.551346
4018-PPNDW,No,0.017419
6288-CHQJB,No,0.026125
4905-JEFDW,Yes,0.634148
0559-CKHUS,No,0.059457
2659-VXMWZ,No,0.346205
6559-RAKOZ,Yes,0.541396
8809-XKHMD,No,0.09438
6365-HITVU,No,0.018159
0134-XWXCE,No,0.175563
9720-JJJOR,No,0.091712
2782-LFZVW,Yes,0.70803
6112-KTHFQ,No,0.353482
9220-ZNKJI,No,0.139128
9820-RMCQV,No,0.403954
9013-AQORL,No,0.233109
2040-OBMLJ,No,0.325179
5574-NXZIU,No,0.098084
5446-DKWYW,No,0.204335
0480-KYJVA,No,0.007389
1074-AMIOH,No,0.421317
0015-UOCOJ,Yes,0.662766
0256-LTHVJ,Yes,0.723097
4547-LYTDD,Yes,0.804258
1077-HUUJM,Yes,0.788521
2041-JIJCI,Yes,0.78583
1555-HAPSU,No,0.007725
4323-SADQS,Yes,0.602276
3292-PBZEJ,Yes,0.856706
6203-HBZPA,No,0.060522
9755-JHNMN,No,0.020501
7369-TRPFD,No,0.131878
9878-TNQGW,Yes,0.880634
2279-AXJJK,Yes,0.514494
5016-IBERQ,Yes,0.726083
1016-DJTSV,Yes,0.858576
8433-WPJTV,No,0.358925
8903-XEBGX,Yes,0.737332
2632-TACXW,No,0.014303
7952-OBOYL,Yes,0.778696
1470-PSXNM,No,0.482112
6227-HWPWX,Yes,0.61284
5924-SNGKP,No,0.052569
8818-DOPVL,Yes,0.801762
4521-WFJAI,No,0.023027
4724-WXVWF,Yes,0.560378
3717-OEAUQ,Yes,0.747895
8165-ZJRNM,No,0.007452
7838-LAZFO,No,0.143482
0513-RBGPE,No,0.06591
7251-XFOIL,No,0.489353
2525-GVKQU,No,0.010523
7579-OOPEC,Yes,0.569063
3795-GWTRD,No,0.01639
4750-ZRXIU,Yes,0.916249
5445-PZWGX,No,0.214881
0516-UXRMT,No,0.248011
0727-BNRLG,No,0.15226
3932-CMDTD,Yes,0.702094
1264-FUHCX,No,0.200766
6194-HBGQN,No,0.10308
4524-QCSSM,No,0.483352
4570-QHXHL,Yes,0.695833
2972-YDYUW,No,0.321849
2061-VVFST,No,0.117305
6874-SGLHU,Yes,0.535526
9844-FELAJ,No,0.411428
1902-XBTFB,Yes,0.746931
9039-RBEEE,No,0.29692
9369-XFEHK,Yes,0.659717
3680-CTHUH,No,0.276886
3679-XASPY,No,0.427252
9089-UOWJG,Yes,0.583135
1574-DYCWE,No,0.013464
9779-DPNEJ,Yes,0.770543
2967-MXRAV,No,0.215604
0327-WFZSY,Yes,0.558391
1731-TVIUK,Yes,0.856805
7666-WKRON,No,0.234181
3865-ZYKAD,No,0.331449
1465-LNTLJ,Yes,0.624514
2696-RZVZW,No,0.01063
0685-MLYYM,Yes,0.826211
2778-OCLGR,Yes,0.508167
3982-XWFZQ,No,0.449157
4759-PXTAN,No,0.222706
1448-PWKYE,Yes,0.824332
8741-LQOBK,No,0.145711
8650-RHRKE,Yes,0.811245
7266-GSSJX,No,0.395505
1265-HVPZB,No,0.079475
9640-ZSLDC,No,0.095785
0988-JRWWP,Yes,0.774984
1926-QUZNN,No,0.01218
9025-ZRPVR,No,0.407462
6527-PZFPV,No,0.104304
7460-ITWWP,Yes,0.699214
1530-ZTDOZ,No,0.223931
4785-FCIFB,No,0.014998
9717-QEBGU,Yes,0.857955
0876-WDUUZ,Yes,0.761365
7881-EVUAD,Yes,0.793832
4002-BQWPQ,No,0.267356
6377-WHAOX,Yes,0.694258
5027-YOCXN,No,0.227403
8450-JOVAH,No,0.460771
6646-QVXLR,Yes,0.584954
0254-KCJGT,No,0.105945
3442-ZHHCC,No,0.07984
9167-APMXZ,Yes,0.787114
0616-ATFGB,Yes,0.809366
7273-TEFQD,Yes,0.858125
8245-UMPYT,Yes,0.898447
6022-UGGSO,Yes,0.701737
6292-TOSSS,No,0.022416
5207-PLSTK,Yes,0.544276
3908-BLSYF,Yes,0.832502
4317-VTEOA,Yes,0.702978
0625-AFOHS,No,0.033565
4667-OHGKG,No,0.487098
2386-OWURY,Yes,0.610669
3780-DDGSE,No,0.46295
1047-RNXZV,No,0.024867
3926-YZVVX,No,0.095285
4742-TXUEX,No,0.015676
8709-KRDVL,Yes,0.822213
0397-ZXWQF,No,0.00805
3910-MRQOY,No,0.006823
2511-MORQY,No,0.101534
4039-PIMHX,No,0.057334
8083-YTZES,Yes,0.883765
1346-PJWTK,No,0.322411
3750-YHRYO,No,0.157425
1236-WFCDV,Yes,0.792709
5949-HGVJL,Yes,0.587502
9112-WSNPU,Yes,0.622283
1360-JYXKQ,Yes,0.507652
3585-ISXZP,Yes,0.824582
8380-PEFPE,Yes,0.81854
9402-ROUMJ,No,0.170819
4335-UPJSI,No,0.042296
6096-EGVTU,No,0.021053
8988-ECPJR,Yes,0.626558
7677-SJJJK,No,0.151545
5850-BDWCY,No,0.332634
2025-JKFWI,Yes,0.831898
8028-PNXHQ,No,0.015718
8397-MVTAZ,Yes,0.843231
4445-ZJNMU,Yes,0.861243
3125-RAHBV,No,0.105385
6682-QJDGB,No,0.180789
8840-DQLGN,Yes,0.556362
6258-NGCNG,No,0.413718
5917-RYRMG,No,0.082966
7157-SMCFK,No,0.008813
0816-TSPHQ,No,0.37152
6766-HFKLA,No,0.213901
7067-KSAZT,Yes,0.531929
5155-AZQPB,No,0.354914
6890-PFRQX,No,0.461181
3508-VLHCZ,No,0.034614
3649-JPUGY,No,0.051034
9248-OJYKK,Yes,0.894788
7239-HZZCX,No,0.397869
9860-LISIZ,No,0.126944
6979-ZNSFF,Yes,0.874424
8938-UMKPI,Yes,0.753954
1820-DJFPH,No,0.010214
0732-OCQOC,No,0.022303
6776-TLWOI,No,0.375842
4940-KHCWD,No,0.024153
9057-SIHCH,Yes,0.912463
9866-QEVEE,Yes,0.789172
5542-TBBWB,Yes,0.864973
4587-VVTOX,Yes,0.895256
6322-HRPFA,No,0.080731
6284-AHOOQ,Yes,0.743886
4530-NDRKU,No,0.078313
1751-NCDLI,Yes,0.830483
3893-JRNFS,No,0.233205
5857-XRECV,No,0.174367
3115-CZMZD,No,0.146479
4489-SNOJF,No,0.31758
1051-GEJLJ,No,0.38282
3563-SVYLG,No,0.01227
4301-VVZKA,Yes,0.832867
9351-HXDMR,No,0.148155
5161-XEUVX,No,0.243378
3088-FVYWK,No,0.015615
9812-GHVRI,Yes,0.633067
1370-GGAWX,Yes,0.554548
6023-YEBUP,Yes,0.915279
9940-RHLFB,Yes,0.804272
4541-RMRLG,No,0.425755
2606-RMDHZ,Yes,0.692366
5575-TPIZQ,Yes,0.577576
9378-FXTIZ,No,0.248296
4631-OACRM,Yes,0.86511
8593-WHYHV,Yes,0.904631
1403-GYAFU,No,0.005739
7641-TQFHN,No,0.235829
4237-CLSMM,No,0.387415
4360-PNRQB,Yes,0.755062
5334-AFQJB,No,0.014442
9308-ANMVE,No,0.200033
3530-VWVGU,No,0.168597
4674-HGNUA,No,0.028419
3030-YDNRM,Yes,0.866626
3642-BYHDO,No,0.005368
0440-UEDAI,No,0.272232
9819-FBNSV,Yes,0.575715
9289-LBQVU,No,0.112265
4468-YDOVK,Yes,0.508517
2001-EWBQU,No,0.291087
9992-UJOEL,Yes,0.623793
8409-WQJUX,No,0.443441
3077-RSNTJ,No,0.293677
6993-YCOBK,No,0.204344
4817-VYYWS,Yes,0.829992
4702-HDRKD,No,0.074115
3251-YMVWZ,No,0.042188
4190-MFLUW,No,0.344121
4678-DVQEO,Yes,0.631082
4701-AHWMW,No,0.347804
2987-BJXIK,No,0.047919
1730-VFMWO,No,0.226745
1936-UAFEH,No,0.097239
5140-FOMCQ,No,0.374313
8778-LMWTJ,Yes,0.761396
9840-DVNDC,Yes,0.814375
8033-VCZGH,Yes,0.557417
8580-QVLOC,No,0.025624
6128-AQBMT,Yes,0.658955
6257-RJOHI,Yes,0.552029
1929-ZCBHE,No,0.08849
6242-SGYTS,No,0.219245
7010-ZMVBF,No,0.189855
3519-ZKXGG,Yes,0.87595
5666-MBJPT,No,0.016984
3313-QKNKB,No,0.398655
7581-EBBOU,No,0.087351
1784-BXEFA,No,0.362071
7492-TAFJD,No,0.181903
5213-TWWJU,Yes,0.636434
3312-ZWLGF,Yes,0.756153
2923-ARZLG,No,0.340499
7032-LMBHI,No,0.170529
8292-ITGYJ,No,0.030882
9107-UKCKY,No,0.281901
6848-HJTXY,No,0.009352
4184-VODJZ,No,0.361261
4846-WHAFZ,Yes,0.735386
8735-SDUFN,No,0.010758
0839-JTCUD,No,0.031113
6857-VWJDT,Yes,0.855824
7363-QTBIW,Yes,0.865663
6158-HDPXZ,Yes,0.711907
5419-CONWX,Yes,0.853162
9286-DOJGF,Yes,0.664058
2408-PSJVE,No,0.167282
2087-QAREY,No,0.441018
6777-TGHTM,No,0.390895
6507-ZJSUR,Yes,0.863935
5025-GOOKI,No,0.27954
6080-LNESI,No,0.022916
2236-HILPA,No,0.007818
1386-ZIKUV,No,0.427811
3365-SAIGS,Yes,0.814138
6061-GWWAV,No,0.092357
9979-RGMZT,Yes,0.716538
8445-DNBAE,Yes,0.746303
6872-HXFNF,No,0.066046
1320-HTRDR,Yes,0.8758
3923-CSIHK,Yes,0.580616
2446-ZKVAF,No,0.431718
4640-UHDOS,Yes,0.562582
5457-COLHT,No,0.020267
2254-DLXRI,Yes,0.831359
5339-PXDVH,Yes,0.804721
2386-LAHRK,Yes,0.740236
5062-CJJKH,No,0.178537
8930-XOTDP,No,0.429255
4779-ZGICK,No,0.022905
9534-NSXEM,No,0.119812
3716-BDVDB,Yes,0.871254
9842-EFSYY,Yes,0.709909
9122-UMROB,No,0.388867
1867-BDVFH,Yes,0.833068
5949-EBSQK,No,0.453687
4160-AMJTL,No,0.439784
8622-ZLFKO,Yes,0.875131
2990-IAJSV,No,0.030084
6064-ZATLR,No,0.076141
7409-KIUTL,Yes,0.841847
5505-OVWQW,No,0.130282
3948-KXDUF,No,0.019712
9814-AOUDH,No,0.015424
7398-LXGYX,No,0.494452
5266-PFRQK,No,0.033456
1568-BEKZM,No,0.041633
2692-PFYTJ,Yes,0.512343
2533-QVMSK,No,0.228663
5828-AVIPD,Yes,0.67095
2907-ILJBN,No,0.132216
5226-NOZFC,Yes,0.752571
7114-AEOZE,No,0.010608
2202-CUYXZ,Yes,0.883305
3466-RITXD,Yes,0.689661
7278-CKDNC,Yes,0.800494
1956-YIFGE,Yes,0.558851
0422-UXFAP,Yes,0.626505
3733-UOCWF,No,0.241374
7191-ADRGF,No,0.141861
5709-LVOEQ,No,0.233157
6034-YMTOB,Yes,0.720675
6372-RFVNS,Yes,0.857904
9052-DHNKM,No,0.21383
5609-IMCGG,Yes,0.695307
2959-MJHIC,Yes,0.877062
1319-YLZJG,Yes,0.715731
7623-TRNQN,Yes,0.537379
0377-JBKKT,No,0.264177
1936-CZAKF,No,0.118542
5063-IUOKK,No,0.084804
8646-JCOMS,No,0.193523
0979-MOZQI,No,0.062809
1525-LNLOJ,No,0.065793
5759-RCVCB,Yes,0.72431
9968-FFVVH,No,0.041982
2266-FUBDZ,No,0.065506
4760-THGOT,Yes,0.661547
2307-FYNNL,No,0.267676
1143-NMNQJ,Yes,0.901559
1629-DQQVB,No,0.355572
3766-EJLFL,No,0.134438
8457-XIGKN,No,0.277108
4981-FLTMF,No,0.075969
7606-BPHHN,No,0.009343
7005-CCBKV,Yes,0.862163
4648-YPBTM,No,0.082706
2325-ZUSFD,No,0.109481
1240-KNSEZ,No,0.473403
0430-IHCDJ,Yes,0.704184
7957-RYHQD,No,0.469455
6164-HAQTX,No,0.022437
0749-IRGQE,Yes,0.799323
1227-UDMZR,No,0.043168
5473-KHBPS,No,0.33506
5297-MDOIR,No,0.159372
8873-TMKGR,No,0.088737
6481-ESCNL,Yes,0.724968
0463-WZZKO,No,0.428941
1038-RQOST,No,0.188148
4937-QPZPO,Yes,0.515197
3604-WLABM,Yes,0.510966
1360-XFJMR,No,0.334131
8717-VCTXJ,No,0.070238
5196-SGOAK,Yes,0.832387
8739-XNIKG,Yes,0.901883
2320-TZRRH,No,0.120601
5186-SAMNZ,Yes,0.837549
5760-FXFVO,Yes,0.765956
5380-WJKOV,Yes,0.806071
4703-MQYKT,No,0.061523
2001-MCUUW,No,0.311616
4947-DSMXK,Yes,0.747049
0076-LVEPS,No,0.260598
5566-SOEZD,No,0.290613
7408-OFWXJ,No,0.026724
1097-FSPVW,No,0.174054
4412-YLTKF,Yes,0.818361
0420-TXVSG,No,0.033448
7817-BOQPW,Yes,0.879275
0963-ZBDRN,Yes,0.74563
9685-WKZGT,Yes,0.862524
2139-FQHLM,Yes,0.616784
5825-XJOCM,No,0.096859
0004-TLHLJ,Yes,0.855438
7529-ZDFXI,Yes,0.678371
6848-YLDFR,No,0.106652
5820-PTRYM,No,0.08973
2984-RGEYA,No,0.005949
6434-TTGJP,No,0.145285
9643-AVVWI,Yes,0.735166
3506-OVLKD,No,0.077009
4946-EDSEW,No,0.323003
2924-KHUVI,No,0.487026
2263-SFSQZ,No,0.025312
5281-BUZGT,Yes,0.728989
3717-FDJFU,No,0.090376
2239-CFOUJ,No,0.197624
8699-ASUFO,Yes,0.853781
1122-YJBCS,No,0.049824
0628-CNQRM,No,0.200168
1705-GUHPV,No,0.014216
4877-TSOFF,No,0.078139
7404-JLKQG,Yes,0.725401
0379-DJQHR,No,0.027791
8993-PHFWD,Yes,0.757147
3930-ZGWVE,No,0.397869
1965-DDBWU,Yes,0.772688
7572-KPVKK,No,0.281073
6854-EXGSF,No,0.495579
9483-GCPWE,No,0.148805
8053-WWDRO,No,0.336907
9473-CBZOP,No,0.186395
3985-HOYPM,No,0.099172
8378-LKJAF,Yes,0.70973
1310-QRITU,Yes,0.653996
3237-AJGEH,Yes,0.623896
6542-LWGXJ,Yes,0.703055
6953-PBDIN,No,0.039042
6332-FBZRI,No,0.042511
9365-CSLBQ,No,0.007984
3466-WAESX,Yes,0.575208
9700-ISPUP,Yes,0.551716
5167-ZFFMM,Yes,0.846091
7669-LCRSD,Yes,0.560351
0870-VEMYL,No,0.36967
2995-UPRYS,No,0.468186
3179-GBRWV,No,0.45817
0701-TJSEF,No,0.484545
1848-LBZHY,No,0.499254
5380-XPJNZ,No,0.055848
6608-QQLVK,Yes,0.729814
1475-VWVDO,Yes,0.83374
3721-CNEYS,Yes,0.847894
4299-OPXEJ,No,0.017961
0096-BXERS,Yes,0.681333
3055-VTCGS,No,0.089117
9405-GPBBG,No,0.198701
6704-UTUKK,Yes,0.724044
9944-AEXBM,Yes,0.726212
2545-EBUPK,Yes,0.923226
6270-OMFIW,No,0.470668
1852-XEMDW,No,0.329043
8158-WPEZG,Yes,0.656885
5198-EFNBM,No,0.428625
7663-RGWBC,Yes,0.687529
3970-XGJDU,No,0.014007
6845-RGTYS,Yes,0.627153
0123-CRBRT,No,0.042179
6077-BDPXA,Yes,0.850419
2250-IVBWA,No,0.224229
6137-NICCO,Yes,0.803458
8129-GMVGI,No,0.010692
4353-HYOJD,No,0.276288
8671-KKKOS,No,0.297174
8080-DDEMJ,Yes,0.709904
6698-OXETB,No,0.088254
3312-UUMZW,Yes,0.781221
6376-GAHQE,Yes,0.856424
0733-VUNUW,No,0.411635
6733-LRIZX,No,0.398707
2165-VOEGB,No,0.241653
1853-UDXBW,Yes,0.837121
9070-BCKQP,No,0.140257
1035-IPQPU,Yes,0.736678
2057-ZBLPD,Yes,0.836828
6967-PEJLL,No,0.171682
7879-CGSFV,No,0.313194
2257-BOVXD,Yes,0.565182
9822-BIIGN,No,0.17526
1136-XGEQU,No,0.174823
2439-LYPMQ,Yes,0.854092
6543-XRMYR,Yes,0.854627
5753-QQWPW,No,0.173414
4785-QRJHC,No,0.269491
0052-YNYOT,No,0.022813
7054-LGEQW,Yes,0.574231
0608-JDVEC,No,0.025928
6284-KMNUF,Yes,0.508516
6286-SUUWT,No,0.394587
3594-KADLU,Yes,0.519043
0536-ACXIP,No,0.246237
8869-TORSS,No,0.07206
0373-AIVNJ,No,0.327479
6429-SHBCB,Yes,0.634178
5751-USDBL,No,0.046775
6815-ABQFQ,No,0.462634
9450-TRJUU,Yes,0.747618
2805-AUFQN,No,0.047639
7855-DIWPO,Yes,0.780753
0174-QRVVY,No,0.007543
9507-EXLTT,Yes,0.844549
8390-FESFV,No,0.05983
0661-KBKPA,No,0.187167
6856-RAURS,Yes,0.842269
7322-OCWHC,No,0.086419
2203-GHNWN,Yes,0.732337
3413-CSSTH,No,0.351188
3006-XIMLN,Yes,0.870424
3750-CKVKH,Yes,0.877363
0576-WNXXC,Yes,0.823683
7056-IMHCC,Yes,0.759637
0866-QLSIR,No,0.137986
1628-BIZYP,Yes,0.872769
2230-XTUWL,No,0.015438
1980-KXVPM,Yes,0.851916
8619-IJNDK,No,0.009599
2960-NKRSO,Yes,0.637518
6705-LXORM,Yes,0.819613
7130-VTEWQ,Yes,0.874149
9364-YKUVW,No,0.333283
2761-OCIAX,Yes,0.862112
7996-BPXHY,No,0.107694
4248-QPAVC,Yes,0.704113
9357-UJRUN,No,0.293015
6340-DACFT,No,0.01303
1023-BQXZE,No,0.077885
5480-HPRRX,Yes,0.784661
9576-SYUHJ,Yes,0.691477
2169-RRLFW,No,0.009095
8338-QIUNR,No,0.017729
0463-TXOAK,No,0.016035
4396-KLSEH,Yes,0.531072
5186-EJEGL,No,0.473521
9334-GWGOW,Yes,0.88817
5696-JVVQY,No,0.049319
9633-DENPU,No,0.309763
0581-BXBUB,Yes,0.823391
2750-BJLSB,No,0.409989
2770-NSVDG,Yes,0.586352
8280-MQRQN,Yes,0.649018
7851-FLGGQ,Yes,0.731687
9374-YOLBJ,No,0.430613
6583-SZVGP,No,0.295723
2150-OEGBV,No,0.087406
9372-TXXPS,No,0.016129
6933-FHBZC,No,0.23441
4698-KVLLG,No,0.018619
8752-STIVR,Yes,0.881362
8623-ULFNQ,Yes,0.599609
9822-WMWVG,Yes,0.546668
4304-TSPVK,No,0.107866
1716-LSAMB,No,0.026173
3523-QRQLL,No,0.340782
2187-PKZAY,Yes,0.799708
1895-QTKDO,Yes,0.595526
8161-QYMTT,Yes,0.920613
2955-PSXOE,No,0.450438
6834-NXDCA,Yes,0.756928
8701-DGLVH,No,0.016661
2480-SQIOB,Yes,0.606123
4993-JCRGJ,Yes,0.662275
0581-MDMPW,Yes,0.774224
7789-CRUVC,No,0.334568
0164-APGRB,No,0.191109
8034-RYTVV,No,0.254416
3018-TFTSU,Yes,0.543339
9777-IQHWP,No,0.103491
6899-PPEEA,Yes,0.833843
6701-YVNQG,No,0.048799
7649-PHJVR,No,0.173664
9278-VZKCD,Yes,0.711309
7636-PEPNS,No,0.084091
1575-KRZZE,Yes,0.50036
8590-OHDIW,No,0.045558
7764-BDPEE,No,0.308393
9480-BQJEI,No,0.296691
3354-OADJP,No,0.198826
3181-MIZBN,No,0.282088
9327-QSDED,Yes,0.556623
4892-VLANZ,No,0.397048
0298-XACET,No,0.048104
6917-FIJHC,No,0.012001
6557-BZXLQ,Yes,0.768003
2432-TFSMK,Yes,0.664112
4211-MMAZN,No,0.389683
4751-ERMAN,No,0.049487
8430-TWCBX,No,0.03379
1942-OQFRW,Yes,0.693229
4075-JFPGR,No,0.35481
3339-EAQNV,No,0.447565
5329-KRDTM,No,0.031814
0307-BCOPK,No,0.144203
6473-ULUHT,No,0.464749
1194-SPVSP,No,0.387244
7249-WBIYX,Yes,0.881577
2293-IJWPS,No,0.48386
4377-VDHYI,No,0.420106
0019-EFAEP,No,0.109136
2480-EJWYP,Yes,0.50231
8970-ANWXO,No,0.427876
8739-WWKDU,Yes,0.838388
2171-UDMFD,No,0.158863
7036-TYDEC,No,0.212772
3831-YCPUO,No,0.082772
0121-SNYRK,No,0.095781
3325-FUYCG,No,0.480681
1952-DVVSW,No,0.170863
3571-DPYUH,No,0.254631
2077-MPJQO,Yes,0.885458
2391-SOORI,Yes,0.50746
4086-ATNFV,No,0.111074
3396-DKDEL,No,0.116
7471-MQPOS,No,0.092883
7181-OQCUT,Yes,0.72707
3489-VSFRD,No,0.054906
6283-GITPX,No,0.017315
2845-HSJCY,Yes,0.864918
7216-KAOID,No,0.041585
6680-WKXRZ,Yes,0.785215
2346-LOCWC,No,0.009183
0769-MURVM,No,0.021963
3374-LXDEV,Yes,0.699873
5318-YKDPV,No,0.074198
8190-ZTQFB,No,0.4322
4512-ZUIYL,Yes,0.741818
3090-QFUVD,No,0.369198
4806-KEXQR,Yes,0.881765
2369-FEVNO,No,0.476824
9637-CDTKZ,No,0.138597
2954-PIBKO,No,0.020448
2212-LYASK,No,0.322407
9481-SFCQY,Yes,0.53532
2828-SLQPF,No,0.49987
4647-MUZON,Yes,0.791084
8212-DJRCH,Yes,0.714153
0516-OOHAR,No,0.426706
4973-RLZVI,No,0.112854
8089-UZWLX,No,0.174872
9732-KPKBW,Yes,0.591181
9715-WZCLW,No,0.236589
0257-KXZGU,No,0.251397
0707-HOVVN,No,0.049491
5501-TVMGM,Yes,0.786218
3422-LYEPQ,Yes,0.827552
2277-VWCNI,Yes,0.67375
5461-QKNTN,Yes,0.701048
3967-KXAPS,No,0.030625
6919-ELBGL,No,0.125854
8361-LTMKD,Yes,0.86514
1131-ALZWV,No,0.123672
5178-LMXOP,Yes,0.937345
8992-CEUEN,No,0.490372
3320-VEOYC,Yes,0.908517
3672-YITQD,Yes,0.823883
6080-TCMYC,Yes,0.643654
6734-FQAJX,No,0.181608
1063-DHQJF,No,0.080775
3976-NLDEZ,No,0.383989
1729-VLAZJ,No,0.201319
3400-ESFUW,No,0.017848
5271-YNWVR,No,0.189306
1587-FKLZB,Yes,0.614398
0958-YHXGP,Yes,0.782998
1494-EJZDW,No,0.07448
1816-FLZDK,Yes,0.652561
2075-PUEPR,No,0.011725
1833-TCXKK,Yes,0.672453
1436-ZMJAN,Yes,0.714876
0106-UGRDO,No,0.193396
1069-XAIEM,Yes,0.920076
4213-HKBJO,No,0.041932
8345-MVDYC,No,0.050456
2672-OJQZP,Yes,0.59422
5136-RGMZO,No,0.491442
5774-QPLTF,No,0.038659
5240-CAOYT,No,0.324446
3707-GNWHM,Yes,0.8567
5159-YFPKQ,Yes,0.843164
5052-PNLOS,Yes,0.864509
6173-GOLSU,Yes,0.62749
6661-HBGWL,Yes,0.740179
8207-VVMYB,No,0.013208
5324-KTGCG,No,0.020345
7354-OIJLX,Yes,0.85681
9286-BHDQG,No,0.010936
3567-PQTSO,Yes,0.52596
3197-ARFOY,Yes,0.667377
5698-BQJOH,Yes,0.881137
1090-ESELR,No,0.058567
0056-EPFBG,No,0.122167
4955-VCWBI,No,0.037458
4717-GHADL,No,0.1177
0058-EVZWM,No,0.494601
7218-HKQFK,Yes,0.879672
5057-RKGLH,No,0.076404
2309-OSFEU,Yes,0.769256
3429-IFLEM,No,0.014792
1550-LOAHA,Yes,0.577395
1400-MMYXY,Yes,0.916067
7503-QQRVF,Yes,0.738174
7504-UWHNB,Yes,0.680883
9565-JSNFM,No,0.373958
4735-BJKOU,No,0.026176
3580-GICBM,No,0.016896
7632-YUTXB,No,0.079301
9412-ARGBX,No,0.138033
9576-ANLXO,Yes,0.799935
1110-KYLGQ,No,0.446689
8696-JKZNU,Yes,0.734191
8757-TFHHJ,Yes,0.566972
2955-BJZHG,Yes,0.729221
9048-JVYVF,Yes,0.760034
0682-USIXD,Yes,0.740772
3884-UEBXB,No,0.0161
1776-SPBWV,No,0.071037
9050-QLROH,Yes,0.79472
2925-VDZHY,No,0.029674
9512-UIBFX,Yes,0.714091
8676-TRMJS,Yes,0.792337
3334-CTHOL,Yes,0.707394
6331-LWDTQ,Yes,0.721879
3847-BAERP,No,0.359633
4709-LKHYG,No,0.092123
8621-MNIHH,Yes,0.805426
8884-ADFVN,Yes,0.914916
2885-HIJDH,No,0.030231
8570-KLJYJ,No,0.143893
9339-FIIJL,No,0.044513
6223-DHJGV,No,0.065012
0959-WHOKV,Yes,0.501179
9610-WCESF,No,0.041493
9279-CJEOJ,Yes,0.846763
2985-FMWYF,Yes,0.886982
3540-RZJYU,Yes,0.687018
2522-WLNSF,No,0.18157
6861-XWTWQ,Yes,0.927773
8735-NBLWT,No,0.261697
1744-JHKYS,No,0.220927
0841-NULXI,Yes,0.859596
4016-BJKTZ,No,0.423408
9298-WGMRW,No,0.129189
7893-IXHRQ,No,0.469792
8785-CJSHH,Yes,0.70439
7654-YWJUF,No,0.217876
8909-BOLNL,No,0.208855
9919-FZDED,No,0.071947
0322-CHQRU,Yes,0.664763
3587-PMCOY,Yes,0.723605
0655-RBDUG,Yes,0.888375
0983-TATYJ,No,0.164779
5650-YLIBA,Yes,0.726733
5144-TVGLP,Yes,0.803393
3569-EDBPQ,Yes,0.652022
4945-RVMTE,No,0.475156
3511-BFTJW,No,0.016113
5537-UXXVS,No,0.217362
8782-NUUOL,No,0.08273
2865-TCHJW,Yes,0.911996
9931-KGHOA,No,0.186084
3071-MVJCD,No,0.01581
7279-BUYWN,Yes,0.713815
3756-VNWDH,No,0.47989
1395-OFUWC,No,0.231426
4223-BKEOR,No,0.183459
0040-HALCW,No,0.011311
7124-UGSUR,No,0.479903
7395-XWZOY,No,0.441623
5440-VHLUL,No,0.3221
4706-DGAHW,Yes,0.70849
8166-ORCHU,No,0.455027
3978-YNKDD,No,0.048457
7198-GLXTC,Yes,0.854168
6366-XIVKZ,No,0.492186
5133-POWUA,Yes,0.662717
8400-WZICQ,No,0.115201
5382-SOYZL,Yes,0.879938
1989-PRJHP,Yes,0.79981
4154-AQUGT,Yes,0.745506
0980-FEXWF,No,0.176475
5845-BZZIB,No,0.026969
4840-ORQXB,Yes,0.686875
0295-PPHDO,Yes,0.92477
8775-ERLNB,Yes,0.877988
0376-YMCJC,Yes,0.779585
7410-YTJIK,Yes,0.758269
9927-DSWDF,Yes,0.703388
6681-ZSEXG,No,0.051465
5702-KVQRD,No,0.049163
8711-LOBKY,No,0.009936
9692-TUSXH,Yes,0.790742
4012-YCFAI,No,0.023371
8455-HIRAQ,Yes,0.534714
7853-WNZSY,No,0.467065
0390-DCFDQ,Yes,0.833347
6421-SZVEM,No,0.412554
3094-JOJAI,Yes,0.719766
4873-ILOLJ,Yes,0.840537
8181-YHCMF,No,0.037189
3324-OIRTO,No,0.199162
9135-HSWOC,No,0.010647
2272-WUSPA,No,0.215003
4627-MIHJH,No,0.123077
3896-RCYYE,No,0.261184
6729-GDNGC,Yes,0.698427
9945-PSVIP,No,0.058833
4137-JOPHL,No,0.171757
2720-FVBQP,Yes,0.634217
7854-EKTJL,No,0.491703
1133-KXCGE,No,0.12664
6048-QBXKL,Yes,0.674898
6338-AVWCY,Yes,0.792173
0013-MHZWF,Yes,0.570661
9804-ICWBG,Yes,0.864973
2368-GAKKQ,No,0.143487
4829-AUOAX,Yes,0.625698
7876-BEUTG,Yes,0.620597
6349-JDHQP,No,0.014561
3063-QFSZL,Yes,0.778656
9142-XMYJH,No,0.15647
2609-IAICY,Yes,0.870271
8626-PTQGE,No,0.044514
0230-UBYPQ,No,0.047226
6814-ZPWFQ,No,0.049928
5921-NGYRH,No,0.315993
7803-XOCCZ,No,0.258354
1459-QNFQT,No,0.028912
3948-FVVRP,No,0.350254
0923-PNFUB,Yes,0.826271
4654-ULTTN,No,0.038495
5628-FCGYG,Yes,0.858228
0506-LVNGN,Yes,0.79497
4329-YPDDQ,Yes,0.64395
9866-OCCKE,No,0.176959
0794-YVSGE,No,0.005165
4342-HENTK,Yes,0.869316
5934-TSSAU,Yes,0.609469
9986-BONCE,No,0.329198
5301-GAUUY,Yes,0.639999
0725-CXOTM,No,0.184183
2843-CQMEG,No,0.43642
5600-PDUJF,Yes,0.544319
4500-HKANN,No,0.093123
1862-QRWPE,No,0.01416
2155-AMQRX,No,0.392225
0823-HSCDJ,Yes,0.55637
4090-KPJIP,Yes,0.879662
2737-YNGYW,Yes,0.840628
5619-XZZKR,No,0.215812
6047-YHPVI,Yes,0.850005
8375-DKEBR,Yes,0.880668
7729-XBTWX,No,0.010313
4983-CLMLV,Yes,0.610609
9227-LUNBG,Yes,0.780779
2758-RNWXS,No,0.429817
7055-HNEOJ,Yes,0.552737
7134-MJPDY,No,0.427274
4560-WQAQW,No,0.074835
8532-UEFWH,No,0.016993
8541-QVFKM,Yes,0.874764
7129-ACFOG,Yes,0.689135
2495-INZWQ,Yes,0.878651
0263-FJTQO,No,0.050934
0181-RITDD,No,0.090044
8241-JUIQO,No,0.022001
0913-XWSCN,No,0.449933
2159-TURXX,No,0.340834
6461-PPAXN,No,0.092059
1452-KIOVK,Yes,0.726834
1139-WUOAH,No,0.082607
3207-OYBWH,Yes,0.594134
8347-GDTMP,No,0.009388
9909-DFRJA,No,0.348698
6383-ZTSIW,No,0.38579
5438-QMDDL,Yes,0.544826
8914-RBTSB,Yes,0.74482
6164-HXUGH,No,0.291812
6900-RBKER,No,0.276295
1492-QGCLU,No,0.243974
6664-FPDAC,Yes,0.502558
1088-AUUZZ,No,0.039097
6651-AZVTJ,Yes,0.743324
8219-VYBVI,No,0.030006
0310-MVLET,Yes,0.654694
7233-IOQNP,No,0.176746
7311-MQJCH,No,0.270997
9256-JTBNZ,No,0.275441
8713-IGZSO,No,0.44367
6821-BUXUX,Yes,0.776293
9114-DPSIA,No,0.017505
4501-UYKBC,No,0.224682
2798-NYLMZ,No,0.156971
6711-VTNRE,Yes,0.692716
5966-EMAZU,No,0.322197
3627-FHKBK,Yes,0.666074
7861-UVUFT,Yes,0.838794
9824-QCJPK,No,0.064211
7816-VGHTO,No,0.171797
3794-NFNCH,No,0.407493
3877-JRJIP,Yes,0.823092
5228-EXCET,Yes,0.841077
6248-BSHKG,No,0.017766
8915-NNTRC,No,0.124836
3470-OBUET,No,0.02066
3229-USWAR,No,0.190808
1927-QEWMY,No,0.006349
6374-AFWOX,No,0.02771
7912-SYRQT,Yes,0.81216
2070-FNEXE,Yes,0.627994
5803-NQJZO,No,0.024136
5651-YLPRD,Yes,0.664427
1271-UODNO,No,0.104697
5014-WUQMG,No,0.308751
5889-JTMUL,Yes,0.720727
0788-DXBFY,No,0.040841
2669-QVCRG,No,0.480099
6630-UJZMY,Yes,0.921578
5061-PBXFW,No,0.116537
2700-LUEVA,No,0.36996
3865-ZFZIB,No,0.066643
0471-ARVMX,No,0.48947
8985-OOPOS,No,0.424429
0719-SYFRB,No,0.48679
0447-BEMNG,No,0.300086
5630-AHZIL,No,0.459322
2190-BCXEC,Yes,0.551883
1559-DTODC,Yes,0.606796
3244-DCJWY,Yes,0.858037
3967-VQOGC,No,0.01278
0265-PSUAE,Yes,0.599555
1622-HSHSF,No,0.474297
9867-XOBQA,No,0.105092
6773-LQTVT,No,0.446561
4332-MUOEZ,No,0.324629
0023-XUOPT,Yes,0.81352
6543-CPZMK,Yes,0.710586
6418-HNFED,No,0.065123
1036-GUDCL,No,0.147093
4818-QIUFN,Yes,0.777712
0778-NELLA,Yes,0.754044
7495-OOKFY,Yes,0.802827
4737-HOBAX,No,0.066657
7919-ZODZZ,No,0.358661
2988-PLAHS,Yes,0.659539
9067-SQTNS,No,0.034606
6483-OATDN,No,0.425147
5469-CTCWN,No,0.380677
3524-WQDSG,Yes,0.690461
6968-URWQU,No,0.205862
8601-QACRS,Yes,0.677533
8690-UPCZI,No,0.144148
5331-RGMTT,Yes,0.722835
1357-BIJKI,Yes,0.623777
2088-IEBAU,No,0.081038
0679-IDSTG,Yes,0.859286
6519-ZHPXP,No,0.08593
2101-RANCD,Yes,0.624239
4029-HPFVY,Yes,0.805244
1015-OWJKI,No,0.409425
8314-HTWVE,No,0.085309
5357-TZHPP,Yes,0.868372
8727-XDPUD,No,0.136415
9073-ZZIAY,No,0.035609
5181-OABFK,No,0.025578
3812-LRZIR,No,0.069909
5204-HMGYF,No,0.092549
9950-MTGYX,No,0.0466
3675-EQOZA,No,0.331083
3646-ITDGM,No,0.012741
3913-FCUUW,No,0.016873
